{"cameraMode":{"drawMode":0,"name":"Shaded","section":"Shading Mode"},"sceneLighting":false,"audioPlay":false,"sceneViewState":{"m_AlwaysRefresh":false,"showFog":true,"showSkybox":false,"showFlares":true,"showImageEffects":true,"showParticleSystems":true,"showVisualEffectGraphs":true,"m_FxEnabled":true},"in2DMode":false,"pivot":{"x":0.14404380321502686,"y":1.53737211227417,"z":-0.23506015539169312},"rotation":{"x":-0.13171033561229707,"y":-0.1584288626909256,"z":0.021216584369540216,"w":-0.9783692359924316},"size":1.8983594179153443,"orthographic":false}