{"cameraMode":{"drawMode":0,"name":"Shaded","section":"Shading Mode"},"sceneLighting":false,"audioPlay":false,"sceneViewState":{"m_AlwaysRefresh":false,"showFog":true,"showSkybox":false,"showFlares":true,"showImageEffects":true,"showParticleSystems":true,"showVisualEffectGraphs":true,"m_FxEnabled":true},"in2DMode":false,"pivot":{"x":-6.1118669509887699,"y":0.3545589745044708,"z":1.0558758974075318},"rotation":{"x":-0.005904666148126125,"y":-0.9938014149665833,"z":0.06509173661470413,"w":-0.09088025242090225},"size":1.4586507081985474,"orthographic":false}