{"cameraMode":{"drawMode":0,"name":"Shaded","section":"Shading Mode"},"sceneLighting":false,"audioPlay":false,"sceneViewState":{"m_AlwaysRefresh":false,"showFog":true,"showSkybox":false,"showFlares":true,"showImageEffects":true,"showParticleSystems":true,"showVisualEffectGraphs":true,"m_FxEnabled":true},"in2DMode":false,"pivot":{"x":5.770854473114014,"y":0.8028845191001892,"z":2.6964468955993654},"rotation":{"x":0.02310834638774395,"y":-0.8295725584030151,"z":0.03434065356850624,"w":0.5570176839828491},"size":0.6104279160499573,"orthographic":false}