{"cameraMode":{"drawMode":0,"name":"Shaded","section":"Shading Mode"},"sceneLighting":false,"audioPlay":false,"sceneViewState":{"m_AlwaysRefresh":false,"showFog":true,"showSkybox":false,"showFlares":true,"showImageEffects":true,"showParticleSystems":true,"showVisualEffectGraphs":true,"m_FxEnabled":true},"in2DMode":false,"pivot":{"x":5.960464477539063e-8,"y":0.6190708875656128,"z":-5.960464477539063e-7},"rotation":{"x":0.0015965651255100966,"y":-0.9927744269371033,"z":0.012801631353795529,"w":0.12001936137676239},"size":1.561242699623108,"orthographic":false}