{"cameraMode":{"drawMode":0,"name":"Shaded","section":"Shading Mode"},"sceneLighting":false,"audioPlay":false,"sceneViewState":{"m_AlwaysRefresh":false,"showFog":true,"showSkybox":false,"showFlares":true,"showImageEffects":true,"showParticleSystems":true,"showVisualEffectGraphs":true,"m_FxEnabled":true},"in2DMode":false,"pivot":{"x":-21.099998474121095,"y":0.16353514790534974,"z":-45.999996185302737},"rotation":{"x":0.14654229581356049,"y":-0.8395651578903198,"z":0.2771979570388794,"w":0.4438369572162628},"size":21.213842391967775,"orthographic":false}