{"cameraMode":{"drawMode":0,"name":"Shaded","section":"Shading Mode"},"sceneLighting":false,"audioPlay":false,"sceneViewState":{"m_AlwaysRefresh":false,"showFog":true,"showSkybox":false,"showFlares":true,"showImageEffects":true,"showParticleSystems":true,"showVisualEffectGraphs":true,"m_FxEnabled":true},"in2DMode":false,"pivot":{"x":0.10737930238246918,"y":0.43882766366004946,"z":-0.06148815155029297},"rotation":{"x":-0.13171033561229707,"y":-0.1584288626909256,"z":0.021216584369540216,"w":-0.9783692359924316},"size":0.5115170478820801,"orthographic":false}