{"cameraMode":{"drawMode":0,"name":"Shaded","section":"Shading Mode"},"sceneLighting":false,"audioPlay":false,"sceneViewState":{"m_AlwaysRefresh":false,"showFog":true,"showSkybox":false,"showFlares":true,"showImageEffects":true,"showParticleSystems":true,"showVisualEffectGraphs":true,"m_FxEnabled":true},"in2DMode":false,"pivot":{"x":0.000011444091796875,"y":0.4638107419013977,"z":-0.000010967254638671875},"rotation":{"x":0.14654229581356049,"y":-0.8395651578903198,"z":0.2771979570388794,"w":0.4438369572162628},"size":6.1448798179626469,"orthographic":false}