{"cameraMode":{"drawMode":0,"name":"Shaded","section":"Shading Mode"},"sceneLighting":false,"audioPlay":false,"sceneViewState":{"m_AlwaysRefresh":false,"showFog":true,"showSkybox":false,"showFlares":true,"showImageEffects":true,"showParticleSystems":true,"showVisualEffectGraphs":true,"m_FxEnabled":true},"in2DMode":false,"pivot":{"x":0.0000019073486328125,"y":0.27055320143699648,"z":-0.000009059906005859375},"rotation":{"x":0.058560311794281009,"y":-0.8614737391471863,"z":0.10202563554048538,"w":0.49416452646255495},"size":16.77044677734375,"orthographic":false}