{"cameraMode":{"drawMode":0,"name":"Shaded","section":"Shading Mode"},"sceneLighting":false,"audioPlay":false,"sceneViewState":{"m_AlwaysRefresh":false,"showFog":true,"showSkybox":false,"showFlares":true,"showImageEffects":true,"showParticleSystems":true,"showVisualEffectGraphs":true,"m_FxEnabled":true},"in2DMode":false,"pivot":{"x":0.0000057220458984375,"y":0.2645135521888733,"z":-0.00000762939453125},"rotation":{"x":0.058560311794281009,"y":-0.8614737391471863,"z":0.10202563554048538,"w":0.49416452646255495},"size":12.213560104370118,"orthographic":false}