{"cameraMode":{"drawMode":0,"name":"Shaded","section":"Shading Mode"},"sceneLighting":true,"audioPlay":false,"sceneViewState":{"m_AlwaysRefresh":false,"showFog":true,"showSkybox":false,"showFlares":true,"showImageEffects":true,"showParticleSystems":true,"showVisualEffectGraphs":true,"m_FxEnabled":true},"in2DMode":false,"pivot":{"x":1.7887675762176514,"y":4.942448139190674,"z":-0.0000017881393432617188},"rotation":{"x":0.0575435645878315,"y":-0.7526957392692566,"z":0.06630684435367584,"w":0.652620255947113},"size":5.7102274894714359,"orthographic":false}