{"cameraMode":{"drawMode":0,"name":"Shaded","section":"Shading Mode"},"sceneLighting":false,"audioPlay":false,"sceneViewState":{"m_AlwaysRefresh":false,"showFog":true,"showSkybox":false,"showFlares":true,"showImageEffects":true,"showParticleSystems":true,"showVisualEffectGraphs":true,"m_FxEnabled":true},"in2DMode":false,"pivot":{"x":0.000001430511474609375,"y":0.0002949535846710205,"z":0.10246217250823975},"rotation":{"x":-0.04101477563381195,"y":0.9551962018013,"z":-0.2468511015176773,"w":-0.158421128988266},"size":1.5702687501907349,"orthographic":false}